{
    "train_loss": [
        0.7101484467168215,
        0.26954721293397843,
        0.19526872364758238,
        0.16007891692045034,
        0.1382566497903089,
        0.11924003944988631,
        0.10649034581782836,
        0.10459677695837404,
        0.09142138604140534,
        0.08781489606736051,
        0.08398949667032493,
        0.07849674422945295,
        0.07476299072369591,
        0.07181193455751533,
        0.07073021025314837,
        0.0665917014689203,
        0.06710724154438955,
        0.06229859305002581,
        0.06076475295621807,
        0.062107683829609496
    ],
    "test_loss": [
        0.24211542232473493,
        0.16512896146764316,
        0.14149673463091048,
        0.11154779016331968,
        0.11153544070989918,
        0.10747060287558208,
        0.1004206442621614,
        0.1023657913377481,
        0.10019235811965142,
        0.09408652283280045,
        0.10102198039583804,
        0.0953742616924714,
        0.09885651238301651,
        0.09838224128851729,
        0.0968703868700422,
        0.08971233112860318,
        0.09861131009479007,
        0.10758090425049908,
        0.09822451044371079,
        0.08767598847718769
    ],
    "train_acc": [
        0.7767675218543917,
        0.9164603553666498,
        0.9382818833117893,
        0.9494774664242053,
        0.9560063974760642,
        0.9623381460464913,
        0.9663694323335451,
        0.9670486164362553,
        0.9707731744188595,
        0.9716714501676051,
        0.9727230900685757,
        0.9741910040970138,
        0.9760532830883158,
        0.9780251079026356,
        0.977718379598186,
        0.9785290186885174,
        0.9793177486142454,
        0.9797997502355236,
        0.9804570251736301,
        0.9805008435028373
    ],
    "test_acc": [
        0.9284363840067222,
        0.9504236398011344,
        0.9588264127161964,
        0.9672992087388839,
        0.9663188852321266,
        0.9677893704922624,
        0.9711504796582873,
        0.9709404103354107,
        0.9708703872277852,
        0.9738113577480568,
        0.9717106645192913,
        0.9733912191023038,
        0.9746516350395631,
        0.9746516350395631,
        0.9742314963938099,
        0.9761921434073244,
        0.9743015195014355,
        0.9739514039633079,
        0.9753518661158183,
        0.9792031370352217
    ]
}