{
    "accuracy": 0.921139323906543,
    "precision": 0.9221310486038552,
    "recall": 0.9209208808160636,
    "f1": 0.9202521129197798
}