{
    "accuracy": 0.9701002419633599,
    "precision": 0.9700037303511889,
    "recall": 0.9690060464943552,
    "f1": 0.9693071345747969
}