{
    "train_loss": [
        0.6930835538540109,
        0.2609489815872359,
        0.19477330373159266,
        0.15230760295178292,
        0.13439315693692136,
        0.12016030022528781,
        0.1090178795274475,
        0.10001104602247123,
        0.09427677333497618,
        0.0837953991819798
    ],
    "test_loss": [
        0.23366052126940387,
        0.16063423744468627,
        0.13078882604760203,
        0.1150732456831871,
        0.11586114298369675,
        0.10540866016182499,
        0.10365928717463109,
        0.10517299445071121,
        0.10111784784367658,
        0.10016202872962499
    ],
    "train_acc": [
        0.7798567140634928,
        0.9190237276252656,
        0.9395964331880026,
        0.9517779287075784,
        0.9576276756567272,
        0.9620314177420415,
        0.9646824266590714,
        0.9681221655018294,
        0.9693709878842319,
        0.972262997611901
    ],
    "test_acc": [
        0.9287864995448498,
        0.9511938939850151,
        0.9601568517610811,
        0.9654786079406205,
        0.9664589314473776,
        0.9692598557523983,
        0.9703802254744065,
        0.9702401792591555,
        0.9710104334430362,
        0.9727610111336741
    ]
}