{
    "accuracy": 0.9722606291047355,
    "precision": 0.9725302616920073,
    "recall": 0.9711343425438952,
    "f1": 0.9716823863047875
}