{
    "accuracy": 0.9792031370352217,
    "precision": 0.9774266383018457,
    "recall": 0.9781085670529609,
    "f1": 0.9777280360690677
}