{
    "accuracy": 0.9750017505776907,
    "precision": 0.9738830073221718,
    "recall": 0.9734905798601301,
    "f1": 0.973568908710669
}