{
    "accuracy": 0.9424472865537504,
    "precision": 0.9438553700525661,
    "recall": 0.9412333871602013,
    "f1": 0.9418740492996518
}