{
    "accuracy": 0.9710508123055651,
    "precision": 0.9706028337580662,
    "recall": 0.9705633826973217,
    "f1": 0.9703633870902041
}