{
    "accuracy": 0.9700138264777048,
    "precision": 0.9699313084178343,
    "recall": 0.9689177228766198,
    "f1": 0.969224470613562
}