{
    "train_loss": [
        1.8851043714311047,
        1.2863327167563179,
        1.0039341054104487,
        0.8287535598467631,
        0.706840857576785
    ],
    "test_loss": [
        1.2093726546753192,
        0.6036858224324592,
        0.474692877774271,
        0.31525303728332627,
        0.29744327225823747
    ],
    "train_acc": [
        0.3731305256184871,
        0.5594155265102295,
        0.657252414074244,
        0.718846340034141,
        0.758872837524523
    ],
    "test_acc": [
        0.5999514798641437,
        0.8209202652434093,
        0.8621219472747857,
        0.9127850557981563,
        0.9186479055474689
    ]
}