{
    "train_loss": [
        1.9169993927159996,
        1.320172587428918,
        1.0627457220579477,
        0.8824345302412544,
        0.7511513714038884,
        0.6459699526386409,
        0.59058226426681,
        0.529744042228697,
        0.47869942282051814,
        0.4452180365748591
    ],
    "test_loss": [
        1.3557666469610303,
        0.9231993923016301,
        0.662702412867728,
        0.4535631759687095,
        0.3647972417932859,
        0.3746607555168432,
        0.23581331624394414,
        0.2339237658333694,
        0.2849258826541455,
        0.20461313029679837
    ],
    "train_acc": [
        0.37057161010450673,
        0.5538636811778367,
        0.6402296080450453,
        0.6962294327717284,
        0.7430712266941262,
        0.7803606248493745,
        0.7968144074666433,
        0.8192932103498893,
        0.8355279013211226,
        0.8460223911662248
    ],
    "test_acc": [
        0.558784398851621,
        0.7055528324347035,
        0.7989636580071423,
        0.865765702681885,
        0.89083397521182,
        0.8813108325747496,
        0.9345283943701421,
        0.9298368461592326,
        0.9133113927596107,
        0.9407604509488131
    ]
}