{
    "train_loss": [
        0.6877638507069034,
        0.2577950851213341,
        0.18976303011416806,
        0.15922032135086572,
        0.13706499964902796,
        0.12010032260319572,
        0.10518540415570153,
        0.0980643187776566,
        0.09173676375776708,
        0.08142100118760198
    ],
    "test_loss": [
        0.23543078900969552,
        0.16507363983746062,
        0.13537387132559092,
        0.13044058954807916,
        0.10894256702314299,
        0.10506398677312041,
        0.11338960634879106,
        0.09544587983650127,
        0.0980972547605594,
        0.10759459838658464
    ],
    "train_acc": [
        0.782003812194641,
        0.9197248208925793,
        0.9406918914181802,
        0.9496746489056372,
        0.9563788532743247,
        0.9622066910588699,
        0.9666980698025984,
        0.9686918037815219,
        0.970400718620599,
        0.9733146375128716
    ],
    "test_acc": [
        0.929486730621105,
        0.9497934318325048,
        0.959736713115328,
        0.9600168055458301,
        0.9665289545550032,
        0.9694699250752749,
        0.9667390238778797,
        0.9728310342412996,
        0.9729010573489252,
        0.9703802254744065
    ]
}