{
    "accuracy": 0.9726927065330108,
    "precision": 0.97223289027143,
    "recall": 0.9719384211740512,
    "f1": 0.9719780098142817
}