{
    "train_loss": [
        0.5384425671254408,
        0.20491821902473703,
        0.15838572895596895,
        0.13106741297351382,
        0.11633005388495697,
        0.10483475558379508,
        0.09755482923517758,
        0.09032106176198103,
        0.08271070294107323,
        0.0795482638031492
    ],
    "test_loss": [
        0.1610341388337554,
        0.1149170977846282,
        0.0932557066310858,
        0.08414473988492881,
        0.08744234167765866,
        0.07325518662332521,
        0.07494317618126844,
        0.07798643884826335,
        0.06663271140517486,
        0.06943556476271309
    ],
    "train_acc": [
        0.8299447119671839,
        0.9362531529465719,
        0.9509159469031058,
        0.9591836734693877,
        0.9628780351091748,
        0.967413182501465,
        0.9699228005809065,
        0.9707381079772733,
        0.973808249891717,
        0.9749420367397895
    ],
    "test_acc": [
        0.950509461426492,
        0.9662785055798156,
        0.9712922529516416,
        0.9750929969270581,
        0.9740821607633835,
        0.9780850719715348,
        0.9793385088144914,
        0.9779637716318939,
        0.9810771470160117,
        0.9811175804625586
    ]
}