{
    "accuracy": 0.9809943743348031,
    "precision": 0.9803334763765017,
    "recall": 0.9807214021122778,
    "f1": 0.9804649229589534
}