{
    "train_loss": [
        0.4686363757415265,
        0.20182829385575352,
        0.1611914816246351,
        0.13442240536465616,
        0.12159880491851205,
        0.1121361783968992,
        0.10449166542883849,
        0.10009157190798039,
        0.09347054781055224,
        0.09026431173406761
    ],
    "test_loss": [
        0.17223295949197207,
        0.1127540735306977,
        0.09335223247670886,
        0.10021152654806914,
        0.08678014813949406,
        0.08414691323426157,
        0.07998186248682121,
        0.08159556028568693,
        0.07885393648082192,
        0.07477674217682306
    ],
    "train_acc": [
        0.8508704027075195,
        0.9384777403733641,
        0.9507551891123153,
        0.9588741471493636,
        0.9623215539433653,
        0.9651748906370952,
        0.9679292156474464,
        0.9689553367297341,
        0.9712776107580694,
        0.9725557615798665
    ],
    "test_acc": [
        0.9463702333111683,
        0.966347682789326,
        0.972418977131458,
        0.9708288762323282,
        0.9754835352279626,
        0.9762063083639307,
        0.9777385874121831,
        0.9772181907542861,
        0.9778253201884992,
        0.9798201740437711
    ]
}