{
    "accuracy": 0.9808930948868338,
    "precision": 0.9795342147012082,
    "recall": 0.9791551507586479,
    "f1": 0.9793312774296307
}