{
    "train_loss": [
        0.71510941313511,
        0.2783608525841916,
        0.19751234503320772,
        0.16349629513664543,
        0.14155578376899203,
        0.12524246989706503,
        0.11240186604640962,
        0.10733659796892919,
        0.0963715898558625,
        0.08826478355860716,
        0.08561222230893503,
        0.08179600438554692,
        0.07879855338008787,
        0.0759274080305883,
        0.07105427022044032,
        0.06801569211090999,
        0.06418665246736735,
        0.06787063851923783,
        0.06265089000205658,
        0.06428840657776506
    ],
    "test_loss": [
        0.2610410192910801,
        0.16469402298254046,
        0.13738770279201218,
        0.12311585827843873,
        0.12467449371367181,
        0.11069844593478195,
        0.10784863162356073,
        0.10313073695562876,
        0.09700962924934052,
        0.1012140955223303,
        0.09786877258972007,
        0.09956248532358863,
        0.09412276412333763,
        0.09354521692801569,
        0.09641383278139999,
        0.09535659315418403,
        0.0952639492695602,
        0.09470436736706803,
        0.10023911058522465,
        0.09494991837507004
    ],
    "train_acc": [
        0.772823872225752,
        0.9118813399645072,
        0.937558880879872,
        0.9485791906754596,
        0.9538812085095195,
        0.9599719562693074,
        0.9637403325811187,
        0.9649672457989177,
        0.9680783471726223,
        0.9710141752294985,
        0.9725039984225401,
        0.9736432749819249,
        0.9748263698705169,
        0.9755931906316412,
        0.9768201038494402,
        0.9780251079026356,
        0.9790110203097956,
        0.9787919286637601,
        0.9805008435028373,
        0.9792301119558311
    ],
    "test_acc": [
        0.9194034031230306,
        0.9488131083257475,
        0.9583362509628177,
        0.9638680764652335,
        0.9623975912050977,
        0.9684195784608921,
        0.9691198095371473,
        0.9699600868286534,
        0.9735312653175547,
        0.9720607800574189,
        0.9725509418107976,
        0.9726209649184231,
        0.9731811497794272,
        0.9751417967929417,
        0.9746516350395631,
        0.9756319585463202,
        0.9750717736853162,
        0.9759820740844478,
        0.9740214270709334,
        0.9750017505776907
    ]
}