{
    "train_loss": [
        0.7106595180965108,
        0.270553650585412,
        0.19986544160865566,
        0.163185035392929,
        0.13936842573567135,
        0.12217761011958629,
        0.11196328922414073,
        0.10196204675805148,
        0.09372867773987342,
        0.08930072872660638
    ],
    "test_loss": [
        0.2591252410575027,
        0.15980585855979326,
        0.1300065158492343,
        0.11362657158357549,
        0.11764612653275174,
        0.10491718184051613,
        0.10684532338573874,
        0.10084077380398525,
        0.09434997241900431,
        0.10186591514306602
    ],
    "train_acc": [
        0.7724952347566987,
        0.91547444295949,
        0.9382818833117893,
        0.9487982823214951,
        0.9565760357557567,
        0.960782595359639,
        0.9644633350130359,
        0.9670705256008588,
        0.9698968078347172,
        0.9715180860153803
    ],
    "test_acc": [
        0.9198235417687837,
        0.9490231776486241,
        0.9614172676983405,
        0.965548631048246,
        0.9669490932007563,
        0.9693298788600238,
        0.9672291856312584,
        0.9708703872277852,
        0.972340872487921,
        0.9710104334430362
    ]
}