{
    "train_loss": [
        0.7036904550608406,
        0.26249238203055203,
        0.19385756929588369,
        0.16023711057091444,
        0.1386827544016782,
        0.11824396163113521,
        0.10875622927766085,
        0.10012792911871625,
        0.09374917529548593,
        0.08746221279411816
    ],
    "test_loss": [
        0.2570978482965661,
        0.149091220534198,
        0.13716494572650118,
        0.11333011156354326,
        0.12526842168259783,
        0.10157844619492239,
        0.10050921987031482,
        0.09778608689337027,
        0.09847794174052087,
        0.09770080615071303
    ],
    "train_acc": [
        0.778125890059812,
        0.9177749052428631,
        0.9403194356199198,
        0.9499375588808798,
        0.9556777600070109,
        0.9615932344499705,
        0.9646824266590714,
        0.967552527222137,
        0.9699406261639244,
        0.9712113577109305
    ],
    "test_acc": [
        0.9236047895805616,
        0.9555353266577971,
        0.9583362509628177,
        0.9664589314473776,
        0.9609271059449619,
        0.9704502485820321,
        0.9708703872277852,
        0.9703802254744065,
        0.9722708493802955,
        0.9731811497794272
    ]
}