{
    "train_loss": [
        0.7116225313186239,
        0.2702905123280559,
        0.19604430767826014,
        0.16439128855319107,
        0.13696531629632178
    ],
    "test_loss": [
        0.25643346314889426,
        0.17405737522674136,
        0.13915243695496127,
        0.11987110732540496,
        0.10889856809813196
    ],
    "train_acc": [
        0.7741822404311723,
        0.9147514405275727,
        0.9383695199702036,
        0.9485134631816489,
        0.9578248581381592
    ],
    "test_acc": [
        0.9218542118899237,
        0.9460121840207268,
        0.9563756039493033,
        0.9634479378194805,
        0.9669490932007563
    ]
}