{
    "train_loss": [
        0.7028952007692728,
        0.268149212185905,
        0.19414075125487348,
        0.16345279627081255,
        0.1375814070754331,
        0.12075379905161639,
        0.11359420917453855,
        0.10310989306518598,
        0.09115943452533362,
        0.08744331635212373
    ],
    "test_loss": [
        0.25038960208771616,
        0.15454217855441046,
        0.1302357150495285,
        0.11097709263476208,
        0.10852529333154293,
        0.10537801773968387,
        0.09587860156564776,
        0.10192080742024004,
        0.09427977787246229,
        0.0914285167790684
    ],
    "train_acc": [
        0.776066428587078,
        0.9168109020003067,
        0.9397936156694345,
        0.9489735556383235,
        0.9578686764673663,
        0.9604320487259821,
        0.9631926034660299,
        0.9670047981070482,
        0.9711237210525163,
        0.9716495410030016
    ],
    "test_acc": [
        0.9267558294237098,
        0.9531545409985295,
        0.9603669210839577,
        0.9668790700931308,
        0.967999439815139,
        0.9705202716896576,
        0.9720607800574189,
        0.9710804565506617,
        0.9733912191023038,
        0.9742314963938099
    ]
}