{
    "train_loss": [
        0.6951371692658892,
        0.2659457572710647,
        0.19199522326388424,
        0.15763805981527856,
        0.13589467883522707,
        0.12089849123503746,
        0.10851691349003287,
        0.10062234671977617,
        0.09483174971704497,
        0.08729345905403031,
        0.0834158751634279,
        0.0796528961204827,
        0.07461187043106958,
        0.07432028054843551,
        0.06537438789589428,
        0.06851727683638048,
        0.061728553526944,
        0.06271998555415455,
        0.06035198694716888,
        0.058389219556341625
    ],
    "test_loss": [
        0.25474030475294746,
        0.17639121798828833,
        0.1366159943491377,
        0.12097592902142265,
        0.11967438102179603,
        0.10407513136717285,
        0.10795402060882785,
        0.10571444493631516,
        0.09483120839537713,
        0.09901038855705865,
        0.10209488868549528,
        0.09167733483442371,
        0.08936063292629483,
        0.09342974633191592,
        0.10565087164929596,
        0.09872668251292468,
        0.10123036661433121,
        0.0980755781974737,
        0.10381223282426826,
        0.09047088738405973
    ],
    "train_acc": [
        0.7813465372565344,
        0.9162193545560108,
        0.9400565256446771,
        0.9500032863746906,
        0.9572552198584668,
        0.9625572376925268,
        0.9653835199263852,
        0.9677935280327761,
        0.9692176237320071,
        0.972021996801262,
        0.9740157307801853,
        0.9737090024757356,
        0.9756370089608484,
        0.9755493723024341,
        0.9785509278531209,
        0.977762197927393,
        0.9799312052231448,
        0.9798654777293342,
        0.9805665709966479,
        0.9807418443134763
    ],
    "test_acc": [
        0.9248652055178209,
        0.9475526923884882,
        0.9565856732721798,
        0.9632378684966039,
        0.9632378684966039,
        0.9689097402142707,
        0.9697500175057769,
        0.9691198095371473,
        0.9741614732861844,
        0.9731111266718017,
        0.9736012884251803,
        0.974371542609061,
        0.9752818430081927,
        0.9748617043624396,
        0.9722708493802955,
        0.9740914501785589,
        0.9741614732861844,
        0.9754919123310692,
        0.9735312653175547,
        0.9775225824522092
    ]
}