{
    "train_loss": [
        1.7800461378126369,
        1.1550975798662095,
        0.8788231142908168,
        0.6964818430877214,
        0.5821913172134897,
        0.4863250780505976,
        0.4297316045158624,
        0.3808904386175516,
        0.33281339969726526,
        0.30733973456275815,
        0.2703350948022629,
        0.25664873049781306,
        0.2291252833720253,
        0.2106644569197736,
        0.1955250346216514,
        0.18006658280836413,
        0.1721340727836486,
        0.15761735910271482,
        0.14961545215435007,
        0.14043312713174427
    ],
    "test_loss": [
        1.065696376385571,
        0.7676559972392437,
        0.5816237024086947,
        0.4058569642521405,
        0.29424395616783283,
        0.20332220822779307,
        0.18095923541625664,
        0.18874538031006743,
        0.21840212153717298,
        0.20327593952401202,
        0.18097534959363812,
        0.12693736999501792,
        0.15155150907021675,
        0.15194560141172153,
        0.09524919863756492,
        0.14251749662987748,
        0.1540237683774801,
        0.11316888868917915,
        0.1506723468253549,
        0.12924698698650358
    ],
    "train_acc": [
        0.4197138663102776,
        0.6091843218018097,
        0.7021668163792915,
        0.7643888438533839,
        0.8029270643910348,
        0.8344981705847556,
        0.8543259645509717,
        0.8706702013452227,
        0.8880660780404444,
        0.8947264640799246,
        0.9083758736279386,
        0.9127577065486493,
        0.9213899174024495,
        0.9271301185285805,
        0.9339219595556821,
        0.9407795280765945,
        0.9412834388624761,
        0.9465854566965362,
        0.9493460114365839,
        0.9519312928598033
    ],
    "test_acc": [
        0.656536657096842,
        0.752678383866676,
        0.8164694349135214,
        0.8719277361529305,
        0.9119809537147259,
        0.9432112597157062,
        0.9437714445767104,
        0.9401302429801834,
        0.9303270079126111,
        0.9382396190742945,
        0.9449618374063441,
        0.963517960927106,
        0.9543449338281633,
        0.9535046565366571,
        0.9730411035641762,
        0.9605069672992087,
        0.959596666900077,
        0.965968769693999,
        0.959176528254324,
        0.9623975912050977
    ]
}