{
    "train_loss": [
        1.855719720131806,
        1.2453843213281046,
        0.9712857811937219,
        0.7793233532498455,
        0.6550656566446347,
        0.5709624820826591,
        0.4871088992119922,
        0.4439856336537705,
        0.39367153058302135,
        0.3530895336148375,
        0.32511930000782535,
        0.29313703873354013,
        0.277246923832728,
        0.2549065099374739,
        0.23996658915965974,
        0.20855001151252242,
        0.20364902363824214,
        0.19638414443580007,
        0.18238260218201455,
        0.1743106215740408
    ],
    "test_loss": [
        1.2082552326450946,
        0.7332079461764308,
        0.5760041762394578,
        0.44186226150202124,
        0.341464053383729,
        0.2903679954218694,
        0.35410373680949353,
        0.2586186935950516,
        0.16718195981254313,
        0.23708384796767315,
        0.1991754147154936,
        0.17595995603420514,
        0.15311369219623094,
        0.13981175952754754,
        0.14993956009109025,
        0.14484985271896825,
        0.13709211324148365,
        0.14476141725278732,
        0.10317244888816764,
        0.13675012850921867
    ],
    "train_acc": [
        0.3872006660386039,
        0.5821045943518174,
        0.6743640864973819,
        0.736892842275924,
        0.7786078916810902,
        0.8086672655171658,
        0.8355059921565191,
        0.8512367723418706,
        0.8665731875643582,
        0.8801349604539579,
        0.8890958087768114,
        0.8984729312271323,
        0.9046951339745416,
        0.9141818022478803,
        0.9189799092960586,
        0.9290800341782968,
        0.9312709506386522,
        0.9333085029467827,
        0.9386762482746532,
        0.9417216221545472
    ],
    "test_acc": [
        0.5938659757720047,
        0.7645122890553883,
        0.8248021847209579,
        0.861144177578601,
        0.8989566556963798,
        0.9129612772214831,
        0.889223443736433,
        0.9214340732441706,
        0.9538547720747846,
        0.9319375393879981,
        0.9418808206708214,
        0.9494433162943772,
        0.9543449338281633,
        0.959316574469575,
        0.9536447027519082,
        0.9581261816399412,
        0.961487290805966,
        0.9570758350255585,
        0.9704502485820321,
        0.9620474756669701
    ]
}