{
    "accuracy": 0.9745938472174214,
    "precision": 0.9747146205011348,
    "recall": 0.9732837965378214,
    "f1": 0.9739291484759486
}