{
    "accuracy": 0.9810750086415486,
    "precision": 0.9809764938199969,
    "recall": 0.9804953301447678,
    "f1": 0.9806958110709374
}