{
    "accuracy": 0.9680262703076391,
    "precision": 0.9677153401578664,
    "recall": 0.9672274151241704,
    "f1": 0.967363942068116
}