{
    "accuracy": 0.9757172485309368,
    "precision": 0.9755247116320911,
    "recall": 0.9743271899010878,
    "f1": 0.9748312451804009
}