{
    "accuracy": 0.9760629104735569,
    "precision": 0.9761052415215237,
    "recall": 0.9750508830307479,
    "f1": 0.9755129168633719
}